Date,Utilisateur,Likes,Retweets,Tweet_Length,Cleaned_Text
2024-12-21 14:02:47+00:00,408924361,0,0,180,imagine thinking created stunting team marketing reach hundreds times thinking shouldnt delete theres still time
2024-12-21 14:02:45+00:00,12118772,0,0,79,discover expertise marketing technology help business grow
2024-12-21 14:02:45+00:00,1438356504948756480,0,0,127,think piece content brushstroke masterpiece digital marketing strategy
2024-12-21 14:02:45+00:00,12118772,0,0,141,using reliable tools provide clear insights marketing efforts ensure effective strategies boost conversions
2024-12-21 14:02:45+00:00,12118772,0,0,74,whats best way measure roi marketing
2024-12-21 14:02:42+00:00,1505226595514351617,0,0,118,looking strategic promotion message crypto marketing delivers impact
2024-12-21 14:02:40+00:00,1865054745364447232,0,0,133,everytime voice actor lucia spoke game amount free marketing gave game astonishing
2024-12-21 14:02:39+00:00,1488158015371063301,0,268,67,rt la masia es solo marketing
2024-12-21 14:02:38+00:00,139236074,0,98,139,rt youre fat lazy youve already got gout something cant bothered walk supermarket like
2024-12-21 14:02:38+00:00,1244699351198228487,0,3,139,rt unsung heroes cinema success pr marketing agencies entire team behind including unni haneef
2024-12-21 14:02:38+00:00,970648610080616449,0,1044,103,rt love chatgpt financial advisor therapist marketing guy one
2024-12-21 14:02:37+00:00,277079150,0,0,300,skin substitute grafts transform healing list2u expert polycurrent marketing connects healthcare decisionmakers driving product adoption elevating impact advanced wound care
2024-12-21 14:02:37+00:00,30381818,0,0,104,watch lmao youre getting paid stop marketing
2024-12-21 14:02:37+00:00,1691422246076579841,1,0,228,create product gt solves real problems create brand gt never lets customers sales push products people brand marketing pull people towards product
2024-12-21 14:02:36+00:00,248864257,0,4,140,rt distribution really becoming new moat startups much easier ever build software doesnt
2024-12-21 14:02:35+00:00,835910781434793984,0,32,139,rt marketing automation powered ai like tireless assistant ensures
2024-12-21 14:02:34+00:00,1861766940332527616,0,12,140,rt check swp fully doxxed dev top 5 narrative cycle cult like community marketing wa
2024-12-21 14:02:32+00:00,1826667182425518080,0,646,139,rt light new 2025 roadmap exceptional talented marketing executive written article crypto
2024-12-21 14:02:29+00:00,1505226595514351617,0,0,101,boost project targeted marketingmessage resultsdriven promotions
2024-12-21 14:02:29+00:00,1611669086,0,0,301,struggling time clients finances freelancer guide delivers proven solutions management marketing motivationempowering turn obstacles opportunities
2024-12-21 14:02:27+00:00,1863301167851479040,0,0,264,ecommerce business losing revenue email marketing like free money heres deal pay us 20 earn generate 200000 business pay 10000 sounds like steal right
2024-12-21 14:02:26+00:00,1529065548805459972,0,0,266,park eoy bonus put work tiger trade enjoy s1342 rewards 68 pa returns 65 days usd 100 stock voucher trusted 13 singapores investors sign today
2024-12-21 14:02:26+00:00,1860060798418321410,0,223,112,rt growing community 75m raised degenerate ai big marketing pushes dont fade
2024-12-21 14:02:24+00:00,790790871675392000,0,1,140,rt yearend planning feels important year last looking get linear growth level expon
2024-12-21 14:02:24+00:00,1210844771058507776,0,0,197,3 web3 marketing got upgrade meet sidexyz aia cuttingedge assistant designed creators projects brands crypto space
2024-12-21 14:02:21+00:00,1682149048696946689,0,0,224,tis season sleigh marketing goals brightspand deliver digital strategies sharper santas sleigh runners social media magic campaigns jingle way weve got brand covered
2024-12-21 14:02:17+00:00,1602803322750214145,0,0,186,representative id best primary refusal listen really listen learn fallen prey marketing ploy labeling
2024-12-21 14:02:17+00:00,824794111425335298,0,415,139,rt crunchyroll actively deciding promote dandadan popular new anime year obvious
2024-12-21 14:02:16+00:00,1863301167851479040,0,0,270,ecommerce business leaving money table email marketing untapped goldmine heres works take 20 revenue generate bring 200000 pay 10000 fair deal isnt
2024-12-21 14:02:16+00:00,1762471626577203200,0,32,139,rt marketing automation powered ai like tireless assistant ensures
2024-12-21 14:02:14+00:00,1686254166627504128,0,0,282,fully agree fyi love game tifa britt doesnt depend se marketing either would gone since remake ended pointed weird around tifa coincidentally assume
2024-12-21 14:02:14+00:00,1352711198987452418,0,0,128,good marketing proposal discuss lets collaborate dm please
2024-12-21 14:02:07+00:00,2838235517,0,0,263,thank following payentry im excited continue building payentrys success look forward sharing help businesses thrive stay connected new initiatives innovations ahead
2024-12-21 14:02:06+00:00,266095660,0,0,192,explore marketing experts maximize eloquas potential beyond email pwcs solomiia bodos article
2024-12-21 14:02:06+00:00,1505226595514351617,0,0,100,looking strategic promotion message crypto marketing delivers impact
2024-12-21 14:02:04+00:00,636986900,0,0,279,sharing top trading strategies marketing insight fully interested free everyone follow link join trading group marketing insight others profitable lectures
2024-12-21 14:02:02+00:00,1863301167851479040,0,0,294,ecommerce business could earning much stop missing profitsemail marketing key heres offer upfront costs risk pay us 20 deliver bring 200000 keep 190000 ready unlock potential
2024-12-21 14:02:02+00:00,625874285,0,0,221,catch weeks marketing news swipe recap covered glitch report week listen link bio
2024-12-21 14:02:02+00:00,522058477,0,0,230,marketing fire amp security company youve never thought marketing best time start well known brand said message lollies
2024-12-21 14:02:01+00:00,1752258273749901312,0,111,140,rt got call team im hyped marketing plans thats store floki crazy market
2024-12-21 14:02:01+00:00,1870008564850257920,0,0,136,hey ctois marketing team ready shake market little time left
2024-12-21 14:02:00+00:00,1854279236871229456,0,0,302,dubai marketing common simple thrive ambition vision drive always want dubai sells dreams great marketing exactly room mediocrity space holding back either dominate disappear
2024-12-21 14:01:57+00:00,1593903533602086913,0,6,140,rt show us dont forget store link last saturday
2024-12-21 14:01:54+00:00,636986900,0,0,277,sharing top trading strategies marketing insight fully interested free everyone follow link join trading group marketing insight others profitable lectures
2024-12-21 14:01:52+00:00,1007084907087134721,0,674,140,rt doechiis mixtape released 830 weve marketing nonstop since know something special dont l
2024-12-21 14:01:51+00:00,1369748036927229960,0,0,132,people def gullible enough join cult way got swayed deliberate marketing tactics
2024-12-21 14:01:49+00:00,1531820417224261632,0,0,267,best wnba player ever youd think could leverage build league instead stupidly attacked made impossible operate yet still made mvp wnba needs fire entire marketing team
2024-12-21 14:01:47+00:00,1863301167851479040,0,0,291,ecommerce store deserves profit email marketing cash machine youre using yet work performance pay us 20 revenue generate 200000 extra sales youd pay 10000 risk results sound good
2024-12-21 14:01:45+00:00,636986900,0,0,278,sharing top trading strategies marketing insight fully interested free everyone follow link join trading group marketing insight others profitable lectures
2024-12-21 14:01:39+00:00,1249448665720082433,0,5,139,rt unilevers walls friesland campinas omore brands fined rs 75 million competition commission
2024-12-21 14:01:39+00:00,1267496471714312193,0,0,65,outstanding job dm explore marketing ideas
2024-12-21 14:01:37+00:00,636986900,0,0,277,sharing top trading strategies marketing insight fully interested free everyone follow link join trading group marketing insight others profitable lectures
2024-12-21 14:01:36+00:00,724210778308403202,0,0,300,instagram 1 billion active monthly users emerged important social media marketing platform well dont ignore importance instagram marketing platform make content stand instagram visuallyattractive engaging content
2024-12-21 14:01:35+00:00,1813369049008443392,0,66,140,rt blocx represented web3 amsterdam yes read right thrilled announce head
2024-12-21 14:01:34+00:00,2223730699,0,125,95,rt jumpman marketing team understood assignment
2024-12-21 14:01:34+00:00,138402623,0,0,292,research analysis worst good marketing effort lure new retail investors short term calls given july24 13 mnths still standing loss 20 avg namely tataexlsi andhrsugar hudco name
2024-12-21 14:01:32+00:00,1863301167851479040,0,0,194,ecom business bleeding revenue email marketing free money pay us 20 make make 200000 pay us 10000 steal right
2024-12-21 14:01:31+00:00,1863380074340524032,0,0,301,every spring nature teaches class business entrepreneurship see capital reallocated currencies redirected growth reemphasized numerous life forms promote value revitalized marketing programs team avengers pd
2024-12-21 14:01:30+00:00,1312432127393267712,0,92,140,rt saw movie yesterday confidently say fuck stupid fucking marketing team movie deserved
2024-12-21 14:01:30+00:00,636986900,0,0,278,sharing top trading strategies marketing insight fully interested free everyone follow link join trading group marketing insight others profitable lectures
2024-12-21 14:01:29+00:00,737175804,0,0,267,social media marketing essential reaching audience growing business read article advice build successful social media marketing strategy
2024-12-21 14:01:25+00:00,153769680,0,10,139,rt spark schools head office 1 credit control lead 2ic spark schools support office 20242025 2 school achievement
2024-12-21 14:01:22+00:00,636986900,0,0,274,sharing top trading strategies marketing insight fully interested free everyone follow link join trading group marketing insight others profitable lectures
2024-12-21 14:01:21+00:00,1862375205093744640,0,0,301,every spring nature teaches class business entrepreneurship see capital reallocated currencies redirected growth reemphasized numerous life forms promote value revitalized marketing programs team avengers pb
2024-12-21 14:01:21+00:00,1438356504948756480,0,0,152,think digital marketing like gardening takes patience care bit dirt nails grow something beautiful
2024-12-21 14:01:21+00:00,2228453911,0,0,97,hit dms lets scheme crazy marketing moves
2024-12-21 14:01:20+00:00,1863556466579488768,0,0,301,every spring nature teaches class business entrepreneurship see capital reallocated currencies redirected growth reemphasized numerous life forms promote value revitalized marketing programs team avengers pa
2024-12-21 14:01:20+00:00,133820989,0,376,139,rt excited announce collaboration leading multichain web3 nft platform 38m galxe
2024-12-21 14:01:17+00:00,1405031034,0,0,266,ğŸ—ğŸ— ğ¨ğŸ ğ©ğğ¨ğ©ğ¥ğ ğğ¨ğ§ğ­ ğ¤ğ§ğ¨ğ° ğ¡ğ¨ğ° ğğğ–ğ„ğ‘ğ…ğ”ğ‹ ğ€ğˆ ğ’ğ„ğ ğ­ğ¨ğ¨ğ¥ğ¬ ğšğ«ğ made guide ğ“ğ¡ğ¢ğ¬ ğ¢ğ§ğœğ¥ğ®ğğğ¬ mastering seo chatgpt boosting marketing campaigns claude 35 sonnet creating engaging videos
2024-12-21 14:01:13+00:00,1818826065751506944,0,92,140,rt saw movie yesterday confidently say fuck stupid fucking marketing team movie deserved
2024-12-21 14:01:13+00:00,636986900,0,0,275,sharing top trading strategies marketing insight fully interested free everyone follow link join trading group marketing insight others profitable lectures
2024-12-21 14:01:09+00:00,86831896,0,0,261,swc 20 level ultimate course covers everything need succeed digital world intro digital marketing build solid foundation social media training master platforms grow audience
2024-12-21 14:01:06+00:00,1056860923,0,0,38,2025 skin care marketing
2024-12-21 14:01:05+00:00,906224014053355520,0,9,68,rt im master marketing
2024-12-21 14:01:05+00:00,1038795137751691264,1,0,150,therapists staying top mind current potential clients keyand email marketing makes easier ever
2024-12-21 14:01:03+00:00,1817371985015656448,0,243,140,rt allow introduce ufdh new coin started solid team top holders funding marketing wallet activel
2024-12-21 14:01:02+00:00,1594009977190055936,0,0,38,marketing assistant maybe
2024-12-21 14:01:02+00:00,1870412465928089600,0,0,245,discover secret wow pump event today read infĞ¾ welcome w865o
